,deaths,energy_used,kills,missiles_fired,points,run,status,tank,team,,Confidence Value,,0.95,,,,,,,,,
0,12,660,7,37,14,100,loser,blue,0,,,,,,,,,,,,,
1,4,240,7,33,34,100,loser,red,1,,,,,,,,,,,,,
2,7,240,9,80,53,100,winner,yellow,0,,,,Missiles Fired,,,,,,Deaths,,,
3,5,320,5,31,23,100,loser,green,1,,,,Tank 1,Tank 2,Tank 3,Tank 4,,,Tank 1,Tank 2,Tank 3,Tank 4
4,13,640,10,52,25,99,loser,blue,0,,Mean,,27.01,43.38,42.52,42.25,,,5.66,5.34,5.81,5.49
5,8,800,5,48,24,99,loser,red,1,,SUM,,2701,4338,4252,4225,,,566,534,581,549
6,2,40,5,27,33,99,loser,yellow,0,,STDDEV.S,,11.120547,16.47696893,16.64330484,18.90506586,,,2.425537533,2.387763418,2.848692771,2.397368085
7,4,400,8,73,54,99,winner,green,1,,COUNT,,100,100,100,100,,,100,100,100,100
8,6,500,4,48,21,98,loser,blue,0,,CONFIDENCE.T,,2.206557788,3.269388106,3.302392759,3.751175215,,,0.481279269,0.473784065,0.565242449,0.475689839
9,6,1060,7,74,50,98,winner,red,1,,,,,,,,,,,,,
10,8,560,7,42,26,98,loser,yellow,0,,Upper,,29.21655779,46.64938811,45.82239276,46.00117521,,,6.141279269,5.813784065,6.375242449,5.965689839
11,3,160,5,36,26,98,loser,green,1,,Mid,,27.01,43.38,42.52,42.25,,,5.66,5.34,5.81,5.49
12,7,340,4,43,16,97,loser,blue,0,,Lower,,24.80344221,40.11061189,39.21760724,38.49882479,,,5.178720731,4.866215935,5.244757551,5.014310161
13,7,500,9,68,50,97,winner,red,1,,,,,,,,,,,,,
14,5,640,4,52,27,97,loser,yellow,0,,,,,,,,,,,,,
15,9,880,11,58,37,97,loser,green,1,,,,,,,,,,,,,
16,9,380,8,35,33,96,loser,blue,0,,,,,,,,,,,,,
17,9,160,9,50,51,96,winner,red,1,,,,,,,,,,,,,
18,6,280,8,58,38,96,loser,yellow,0,,,,,,,,,,,,,
19,8,480,8,35,18,96,loser,green,1,,,,,,,,,,,,,
20,1,80,4,24,41,95,loser,blue,0,,,,,,,,,,,,,
21,6,120,10,48,52,95,winner,red,1,,,,,,,,,,,,,
22,4,180,1,30,-2,95,loser,yellow,0,,,,,,,,,,,,,
23,7,500,3,11,-12,95,loser,green,1,,,,,,,,,,,,,
24,4,60,0,3,-17,94,loser,blue,0,,,,,,,,,,,,,
25,1,220,7,34,53,94,winner,red,1,,,,,,,,,,,,,
26,5,440,3,19,5,94,loser,yellow,0,,,,,,,,,,,,,
27,2,100,2,22,19,94,loser,green,1,,,,,,,,,,,,,
28,6,200,2,19,-2,93,loser,blue,0,,,,,,,,,,,,,
29,6,160,5,33,18,93,loser,red,1,,,,,,,,,,,,,
30,5,140,10,45,51,93,winner,yellow,0,,,,,,,,,,,,,
31,4,200,4,28,16,93,loser,green,1,,,,,,,,,,,,,
32,5,240,4,33,22,92,loser,blue,0,,,,,,,,,,,,,
33,6,220,8,66,52,92,winner,red,1,,,,,,,,,,,,,
34,5,460,5,58,29,92,loser,yellow,0,,,,,,,,,,,,,
35,5,300,4,28,10,92,loser,green,1,,,,,,,,,,,,,
36,7,240,3,27,1,91,loser,blue,0,,,,,,,,,,,,,
37,2,280,8,37,51,91,winner,red,1,,,,,,,,,,,,,
38,5,780,3,33,7,91,loser,yellow,0,,,,,,,,,,,,,
39,4,220,5,31,23,91,loser,green,1,,,,,,,,,,,,,
40,2,60,0,5,-4,90,loser,blue,0,,,,,,,,,,,,,
41,6,480,3,33,9,90,loser,red,1,,,,,,,,,,,,,
42,2,320,7,47,51,90,winner,yellow,0,,,,,,,,,,,,,
43,4,200,4,29,15,90,loser,green,1,,,,,,,,,,,,,
44,7,160,8,16,18,89,loser,blue,0,,,,,,,,,,,,,
45,4,300,5,51,32,89,loser,red,1,,,,,,,,,,,,,
46,5,40,10,26,52,89,winner,yellow,0,,,,,,,,,,,,,
47,10,280,5,17,-14,89,loser,green,1,,,,,,,,,,,,,
48,11,440,5,35,-3,88,loser,blue,0,,,,,,,,,,,,,
49,5,640,6,62,36,88,loser,red,1,,,,,,,,,,,,,
50,10,360,13,58,51,88,winner,yellow,0,,,,,,,,,,,,,
51,5,80,8,50,41,88,loser,green,1,,,,,,,,,,,,,
52,6,80,4,22,7,87,loser,blue,0,,,,,,,,,,,,,
53,5,200,2,27,-2,87,loser,red,1,,,,,,,,,,,,,
54,6,160,9,61,50,87,winner,yellow,0,,,,,,,,,,,,,
55,6,100,8,42,47,87,loser,green,1,,,,,,,,,,,,,
56,10,500,9,52,34,86,loser,blue,0,,,,,,,,,,,,,
57,7,320,9,47,47,86,loser,red,1,,,,,,,,,,,,,
58,8,220,11,58,50,86,winner,yellow,0,,,,,,,,,,,,,
59,9,420,5,53,14,86,loser,green,1,,,,,,,,,,,,,
60,7,260,8,45,40,85,loser,blue,0,,,,,,,,,,,,,
61,7,320,9,61,50,85,winner,red,1,,,,,,,,,,,,,
62,14,940,11,65,23,85,loser,yellow,0,,,,,,,,,,,,,
63,7,460,8,80,45,85,loser,green,1,,,,,,,,,,,,,
64,6,60,7,36,36,84,loser,blue,0,,,,,,,,,,,,,
65,9,300,7,55,13,84,loser,red,1,,,,,,,,,,,,,
66,9,780,10,49,47,84,loser,yellow,0,,,,,,,,,,,,,
67,9,600,9,70,50,84,winner,green,1,,,,,,,,,,,,,
68,4,480,4,18,12,83,loser,blue,0,,,,,,,,,,,,,
69,4,260,1,17,-3,83,loser,red,1,,,,,,,,,,,,,
70,5,280,9,51,54,83,winner,yellow,0,,,,,,,,,,,,,
71,2,200,1,23,8,83,loser,green,1,,,,,,,,,,,,,
72,4,240,1,8,-10,82,loser,blue,0,,,,,,,,,,,,,
73,2,100,8,42,59,82,winner,red,1,,,,,,,,,,,,,
74,5,240,3,23,3,82,loser,yellow,0,,,,,,,,,,,,,
75,2,80,1,8,1,82,loser,green,1,,,,,,,,,,,,,
76,5,20,5,22,13,81,loser,blue,0,,,,,,,,,,,,,
77,3,180,3,18,11,81,loser,red,1,,,,,,,,,,,,,
78,5,240,3,22,-5,81,loser,yellow,0,,,,,,,,,,,,,
79,7,120,9,46,53,81,winner,green,1,,,,,,,,,,,,,
80,4,340,6,33,37,80,loser,blue,0,,,,,,,,,,,,,
81,5,340,8,47,50,80,winner,red,1,,,,,,,,,,,,,
82,8,340,8,43,28,80,loser,yellow,0,,,,,,,,,,,,,
83,10,540,5,52,6,80,loser,green,1,,,,,,,,,,,,,
84,5,260,3,37,13,79,loser,blue,0,,,,,,,,,,,,,
85,4,260,4,34,22,79,loser,red,1,,,,,,,,,,,,,
86,3,260,8,37,50,79,winner,yellow,0,,,,,,,,,,,,,
87,6,100,3,23,3,79,loser,green,1,,,,,,,,,,,,,
88,7,560,5,30,16,78,loser,blue,0,,,,,,,,,,,,,
89,4,280,7,66,51,78,winner,red,1,,,,,,,,,,,,,
90,6,400,4,38,4,78,loser,yellow,0,,,,,,,,,,,,,
91,5,120,6,21,24,78,loser,green,1,,,,,,,,,,,,,
92,3,260,7,49,52,77,winner,blue,0,,,,,,,,,,,,,
93,6,320,7,68,32,77,loser,red,1,,,,,,,,,,,,,
94,8,1120,5,35,7,77,loser,yellow,0,,,,,,,,,,,,,
95,7,400,5,35,10,77,loser,green,1,,,,,,,,,,,,,
96,8,700,4,29,5,76,loser,blue,0,,,,,,,,,,,,,
97,5,480,3,25,-8,76,loser,red,1,,,,,,,,,,,,,
98,4,340,8,58,51,76,winner,yellow,0,,,,,,,,,,,,,
99,3,460,5,48,41,76,loser,green,1,,,,,,,,,,,,,
100,3,260,2,26,11,75,loser,blue,0,,,,,,,,,,,,,
101,4,280,5,42,32,75,loser,red,1,,,,,,,,,,,,,
102,10,580,9,64,26,75,loser,yellow,0,,,,,,,,,,,,,
103,8,620,10,75,50,75,winner,green,1,,,,,,,,,,,,,
104,3,360,3,23,15,74,loser,blue,0,,,,,,,,,,,,,
105,4,380,7,38,40,74,loser,red,1,,,,,,,,,,,,,
106,5,320,6,63,50,74,winner,yellow,0,,,,,,,,,,,,,
107,7,700,3,21,-14,74,loser,green,1,,,,,,,,,,,,,
108,7,460,8,36,32,73,loser,blue,0,,,,,,,,,,,,,
109,8,580,7,58,32,73,loser,red,1,,,,,,,,,,,,,
110,9,620,8,54,31,73,loser,yellow,0,,,,,,,,,,,,,
111,5,320,7,66,51,73,winner,green,1,,,,,,,,,,,,,
112,4,40,3,25,13,72,loser,blue,0,,,,,,,,,,,,,
113,6,380,8,56,51,72,winner,red,1,,,,,,,,,,,,,
114,6,440,7,43,24,72,loser,yellow,0,,,,,,,,,,,,,
115,8,360,7,43,22,72,loser,green,1,,,,,,,,,,,,,
116,3,100,6,35,51,71,winner,blue,0,,,,,,,,,,,,,
117,4,200,2,8,-12,71,loser,red,1,,,,,,,,,,,,,
118,2,100,2,9,4,71,loser,yellow,0,,,,,,,,,,,,,
119,3,240,2,23,4,71,loser,green,1,,,,,,,,,,,,,
120,7,260,4,19,-5,70,loser,blue,0,,,,,,,,,,,,,
121,6,600,2,20,-7,70,loser,red,1,,,,,,,,,,,,,
122,2,1220,7,38,50,70,winner,yellow,0,,,,,,,,,,,,,
123,2,440,4,42,33,70,loser,green,1,,,,,,,,,,,,,
124,4,740,4,16,14,69,loser,blue,0,,,,,,,,,,,,,
125,4,300,3,17,12,69,loser,red,1,,,,,,,,,,,,,
126,7,260,4,19,-4,69,loser,yellow,0,,,,,,,,,,,,,
127,3,240,7,37,51,69,winner,green,1,,,,,,,,,,,,,
128,1,340,2,20,19,68,loser,blue,0,,,,,,,,,,,,,
129,5,840,6,56,50,68,winner,red,1,,,,,,,,,,,,,
130,5,480,4,28,7,68,loser,yellow,0,,,,,,,,,,,,,
131,2,180,2,10,7,68,loser,green,1,,,,,,,,,,,,,
132,4,460,3,32,17,67,loser,blue,0,,,,,,,,,,,,,
133,2,160,4,33,25,67,loser,red,1,,,,,,,,,,,,,
134,5,300,8,58,54,67,winner,yellow,0,,,,,,,,,,,,,
135,8,380,4,27,-9,67,loser,green,1,,,,,,,,,,,,,
136,6,380,6,27,18,66,loser,blue,0,,,,,,,,,,,,,
137,10,220,9,64,40,66,loser,red,1,,,,,,,,,,,,,
138,7,320,8,64,50,66,winner,yellow,0,,,,,,,,,,,,,
139,8,780,8,43,34,66,loser,green,1,,,,,,,,,,,,,
140,3,240,4,25,21,65,loser,blue,0,,,,,,,,,,,,,
141,7,480,3,41,-6,65,loser,red,1,,,,,,,,,,,,,
142,5,340,5,59,40,65,loser,yellow,0,,,,,,,,,,,,,
143,5,640,8,49,51,65,winner,green,1,,,,,,,,,,,,,
144,4,300,5,22,19,64,loser,blue,0,,,,,,,,,,,,,
145,4,220,7,62,51,64,winner,red,1,,,,,,,,,,,,,
146,6,680,4,49,18,64,loser,yellow,0,,,,,,,,,,,,,
147,8,260,6,39,12,64,loser,green,1,,,,,,,,,,,,,
148,5,320,5,41,30,63,loser,blue,0,,,,,,,,,,,,,
149,7,820,9,54,50,63,winner,red,1,,,,,,,,,,,,,
150,7,240,5,51,12,63,loser,yellow,0,,,,,,,,,,,,,
151,7,520,7,79,42,63,loser,green,1,,,,,,,,,,,,,
152,4,220,3,17,7,62,loser,blue,0,,,,,,,,,,,,,
153,4,280,3,26,11,62,loser,red,1,,,,,,,,,,,,,
154,3,180,1,13,-4,62,loser,yellow,0,,,,,,,,,,,,,
155,3,60,7,42,50,62,winner,green,1,,,,,,,,,,,,,
156,1,280,3,23,17,61,loser,blue,0,,,,,,,,,,,,,
157,4,380,5,63,50,61,winner,red,1,,,,,,,,,,,,,
158,8,400,6,48,22,61,loser,yellow,0,,,,,,,,,,,,,
159,5,540,4,37,5,61,loser,green,1,,,,,,,,,,,,,
160,4,120,1,5,-7,60,loser,blue,0,,,,,,,,,,,,,
161,0,240,6,27,51,60,winner,red,1,,,,,,,,,,,,,
162,3,40,1,5,-6,60,loser,yellow,0,,,,,,,,,,,,,
163,3,220,2,24,5,60,loser,green,1,,,,,,,,,,,,,
164,6,220,5,37,21,59,loser,blue,0,,,,,,,,,,,,,
165,5,520,9,60,50,59,winner,red,1,,,,,,,,,,,,,
166,9,960,5,41,17,59,loser,yellow,0,,,,,,,,,,,,,
167,8,300,9,67,46,59,loser,green,1,,,,,,,,,,,,,
168,5,160,3,24,1,58,loser,blue,0,,,,,,,,,,,,,
169,6,180,8,39,51,58,winner,red,1,,,,,,,,,,,,,
170,10,260,9,35,14,58,loser,yellow,0,,,,,,,,,,,,,
171,4,600,5,49,38,58,loser,green,1,,,,,,,,,,,,,
172,6,220,3,23,0,57,loser,blue,0,,,,,,,,,,,,,
173,5,380,4,38,19,57,loser,red,1,,,,,,,,,,,,,
174,3,140,7,47,50,57,winner,yellow,0,,,,,,,,,,,,,
175,3,460,3,15,7,57,loser,green,1,,,,,,,,,,,,,
176,10,340,7,40,17,56,loser,blue,0,,,,,,,,,,,,,
177,9,320,5,40,10,56,loser,red,1,,,,,,,,,,,,,
178,4,80,6,47,41,56,loser,yellow,0,,,,,,,,,,,,,
179,3,300,8,41,51,56,winner,green,1,,,,,,,,,,,,,
180,6,400,4,29,13,55,loser,blue,0,,,,,,,,,,,,,
181,8,280,4,14,-18,55,loser,red,1,,,,,,,,,,,,,
182,6,220,9,43,53,55,winner,yellow,0,,,,,,,,,,,,,
183,5,1020,8,59,48,55,loser,green,1,,,,,,,,,,,,,
184,9,500,2,20,-22,54,loser,blue,0,,,,,,,,,,,,,
185,6,360,6,66,36,54,loser,red,1,,,,,,,,,,,,,
186,3,240,5,36,37,54,loser,yellow,0,,,,,,,,,,,,,
187,2,460,7,48,53,54,winner,green,1,,,,,,,,,,,,,
188,5,240,2,23,1,53,loser,blue,0,,,,,,,,,,,,,
189,8,500,5,30,9,53,loser,red,1,,,,,,,,,,,,,
190,4,240,6,46,31,53,loser,yellow,0,,,,,,,,,,,,,
191,4,560,8,48,52,53,winner,green,1,,,,,,,,,,,,,
192,2,300,4,18,17,52,loser,blue,0,,,,,,,,,,,,,
193,6,280,6,33,23,52,loser,red,1,,,,,,,,,,,,,
194,8,420,4,43,4,52,loser,yellow,0,,,,,,,,,,,,,
195,6,320,8,49,52,52,winner,green,1,,,,,,,,,,,,,
196,6,200,1,22,-21,51,loser,blue,0,,,,,,,,,,,,,
197,4,560,7,61,50,51,winner,red,1,,,,,,,,,,,,,
198,6,300,7,43,31,51,loser,yellow,0,,,,,,,,,,,,,
199,3,320,5,50,30,51,loser,green,1,,,,,,,,,,,,,
200,7,20,2,12,-18,50,loser,blue,0,,,,,,,,,,,,,
201,9,340,7,41,24,50,loser,red,1,,,,,,,,,,,,,
202,4,340,7,55,48,50,loser,yellow,0,,,,,,,,,,,,,
203,8,440,12,73,52,50,winner,green,1,,,,,,,,,,,,,
204,8,240,5,23,11,49,loser,blue,0,,,,,,,,,,,,,
205,10,280,9,40,29,49,loser,red,1,,,,,,,,,,,,,
206,2,60,7,30,51,49,winner,yellow,0,,,,,,,,,,,,,
207,10,80,9,40,21,49,loser,green,1,,,,,,,,,,,,,
208,10,240,7,33,14,48,loser,blue,0,,,,,,,,,,,,,
209,3,820,4,25,24,48,loser,red,1,,,,,,,,,,,,,
210,5,240,5,23,15,48,loser,yellow,0,,,,,,,,,,,,,
211,7,160,9,46,53,48,winner,green,1,,,,,,,,,,,,,
212,7,360,2,19,-15,47,loser,blue,0,,,,,,,,,,,,,
213,3,180,3,16,10,47,loser,red,1,,,,,,,,,,,,,
214,1,140,8,35,53,47,winner,yellow,0,,,,,,,,,,,,,
215,6,260,5,27,20,47,loser,green,1,,,,,,,,,,,,,
216,6,80,2,14,-12,46,loser,blue,0,,,,,,,,,,,,,
217,5,80,7,50,42,46,loser,red,1,,,,,,,,,,,,,
218,3,360,1,22,-3,46,loser,yellow,0,,,,,,,,,,,,,
219,5,160,9,46,54,46,winner,green,1,,,,,,,,,,,,,
220,4,180,1,6,-15,45,loser,blue,0,,,,,,,,,,,,,
221,3,740,7,53,51,45,winner,red,1,,,,,,,,,,,,,
222,1,20,5,28,44,45,loser,yellow,0,,,,,,,,,,,,,
223,6,100,1,8,-21,45,loser,green,1,,,,,,,,,,,,,
224,4,240,4,16,11,44,loser,blue,0,,,,,,,,,,,,,
225,4,60,1,23,-7,44,loser,red,1,,,,,,,,,,,,,
226,2,100,7,34,53,44,winner,yellow,0,,,,,,,,,,,,,
227,5,140,3,18,1,44,loser,green,1,,,,,,,,,,,,,
228,7,360,5,21,8,43,loser,blue,0,,,,,,,,,,,,,
229,5,80,6,37,34,43,loser,red,1,,,,,,,,,,,,,
230,8,520,7,36,15,43,loser,yellow,0,,,,,,,,,,,,,
231,4,300,6,63,51,43,winner,green,1,,,,,,,,,,,,,
232,5,300,3,30,16,42,loser,blue,0,,,,,,,,,,,,,
233,4,700,3,49,10,42,loser,red,1,,,,,,,,,,,,,
234,7,640,8,71,50,42,winner,yellow,0,,,,,,,,,,,,,
235,6,580,8,52,45,42,loser,green,1,,,,,,,,,,,,,
236,3,40,6,26,30,41,loser,blue,0,,,,,,,,,,,,,
237,6,120,2,18,-6,41,loser,red,1,,,,,,,,,,,,,
238,6,200,8,56,50,41,winner,yellow,0,,,,,,,,,,,,,
239,4,80,3,19,10,41,loser,green,1,,,,,,,,,,,,,
240,1,160,7,28,53,40,winner,blue,0,,,,,,,,,,,,,
241,5,220,3,32,8,40,loser,red,1,,,,,,,,,,,,,
242,6,360,5,49,28,40,loser,yellow,0,,,,,,,,,,,,,
243,6,560,3,52,9,40,loser,green,1,,,,,,,,,,,,,
244,4,380,5,33,28,39,loser,blue,0,,,,,,,,,,,,,
245,7,960,2,44,3,39,loser,red,1,,,,,,,,,,,,,
246,2,680,7,52,51,39,winner,yellow,0,,,,,,,,,,,,,
247,5,260,3,25,8,39,loser,green,1,,,,,,,,,,,,,
248,7,360,6,32,11,38,loser,blue,0,,,,,,,,,,,,,
249,8,740,8,56,40,38,loser,red,1,,,,,,,,,,,,,
250,5,60,4,19,13,38,loser,yellow,0,,,,,,,,,,,,,
251,8,720,10,69,54,38,winner,green,1,,,,,,,,,,,,,
252,8,300,9,58,50,37,winner,blue,0,,,,,,,,,,,,,
253,7,760,8,63,40,37,loser,red,1,,,,,,,,,,,,,
254,14,580,10,58,19,37,loser,yellow,0,,,,,,,,,,,,,
255,5,340,7,50,43,37,loser,green,1,,,,,,,,,,,,,
256,6,320,4,28,3,36,loser,blue,0,,,,,,,,,,,,,
257,1,220,6,41,53,36,winner,red,1,,,,,,,,,,,,,
258,5,100,3,13,1,36,loser,yellow,0,,,,,,,,,,,,,
259,4,380,4,29,32,36,loser,green,1,,,,,,,,,,,,,
260,9,340,4,23,-10,35,loser,blue,0,,,,,,,,,,,,,
261,5,320,5,36,34,35,loser,red,1,,,,,,,,,,,,,
262,6,360,7,47,42,35,loser,yellow,0,,,,,,,,,,,,,
263,7,720,11,65,51,35,winner,green,1,,,,,,,,,,,,,
264,3,220,2,25,7,34,loser,blue,0,,,,,,,,,,,,,
265,5,620,3,23,8,34,loser,red,1,,,,,,,,,,,,,
266,4,480,5,48,33,34,loser,yellow,0,,,,,,,,,,,,,
267,5,520,8,59,50,34,winner,green,1,,,,,,,,,,,,,
268,7,340,8,27,34,33,loser,blue,0,,,,,,,,,,,,,
269,8,140,10,65,50,33,winner,red,1,,,,,,,,,,,,,
270,11,340,7,46,9,33,loser,yellow,0,,,,,,,,,,,,,
271,6,660,8,49,41,33,loser,green,1,,,,,,,,,,,,,
272,4,300,2,22,-1,32,loser,blue,0,,,,,,,,,,,,,
273,4,180,4,33,22,32,loser,red,1,,,,,,,,,,,,,
274,4,600,8,55,52,32,winner,yellow,0,,,,,,,,,,,,,
275,4,80,2,17,0,32,loser,green,1,,,,,,,,,,,,,
276,7,300,8,33,41,31,loser,blue,0,,,,,,,,,,,,,
277,6,80,10,54,53,31,winner,red,1,,,,,,,,,,,,,
278,8,40,9,42,39,31,loser,yellow,0,,,,,,,,,,,,,
279,13,80,7,45,-3,31,loser,green,1,,,,,,,,,,,,,
280,7,200,2,25,-15,30,loser,blue,0,,,,,,,,,,,,,
281,3,140,8,39,51,30,winner,red,1,,,,,,,,,,,,,
282,3,1040,4,47,27,30,loser,yellow,0,,,,,,,,,,,,,
283,6,500,5,60,22,30,loser,green,1,,,,,,,,,,,,,
284,5,460,6,33,24,29,loser,blue,0,,,,,,,,,,,,,
285,7,420,3,29,10,29,loser,red,1,,,,,,,,,,,,,
286,7,480,4,41,6,29,loser,yellow,0,,,,,,,,,,,,,
287,0,100,6,47,51,29,winner,green,1,,,,,,,,,,,,,
288,8,340,6,31,21,28,loser,blue,0,,,,,,,,,,,,,
289,10,520,11,69,46,28,loser,red,1,,,,,,,,,,,,,
290,13,720,11,82,43,28,loser,yellow,0,,,,,,,,,,,,,
291,7,780,11,75,51,28,winner,green,1,,,,,,,,,,,,,
292,6,680,2,25,-9,27,loser,blue,0,,,,,,,,,,,,,
293,4,380,7,51,50,27,winner,red,1,,,,,,,,,,,,,
294,4,300,4,18,13,27,loser,yellow,0,,,,,,,,,,,,,
295,4,460,5,17,18,27,loser,green,1,,,,,,,,,,,,,
296,9,640,3,27,-5,26,loser,blue,0,,,,,,,,,,,,,
297,2,420,7,61,53,26,winner,red,1,,,,,,,,,,,,,
298,8,780,8,54,32,26,loser,yellow,0,,,,,,,,,,,,,
299,6,200,7,46,25,26,loser,green,1,,,,,,,,,,,,,
300,3,540,1,17,-5,25,loser,blue,0,,,,,,,,,,,,,
301,6,380,6,33,18,25,loser,red,1,,,,,,,,,,,,,
302,5,180,3,75,25,25,loser,yellow,0,,,,,,,,,,,,,
303,3,180,7,35,52,25,winner,green,1,,,,,,,,,,,,,
304,8,280,5,31,9,24,loser,blue,0,,,,,,,,,,,,,
305,2,80,6,37,42,24,loser,red,1,,,,,,,,,,,,,
306,8,100,4,45,-1,24,loser,yellow,0,,,,,,,,,,,,,
307,5,180,8,67,53,24,winner,green,1,,,,,,,,,,,,,
308,5,860,5,33,21,23,loser,blue,0,,,,,,,,,,,,,
309,6,460,7,49,32,23,loser,red,1,,,,,,,,,,,,,
310,8,640,3,55,9,23,loser,yellow,0,,,,,,,,,,,,,
311,4,500,8,70,51,23,winner,green,1,,,,,,,,,,,,,
312,6,440,4,28,5,22,loser,blue,0,,,,,,,,,,,,,
313,3,100,4,24,26,22,loser,red,1,,,,,,,,,,,,,
314,3,400,6,46,50,22,winner,yellow,0,,,,,,,,,,,,,
315,3,260,1,9,-7,22,loser,green,1,,,,,,,,,,,,,
316,5,80,4,24,12,21,loser,blue,0,,,,,,,,,,,,,
317,7,240,11,58,51,21,winner,red,1,,,,,,,,,,,,,
318,11,500,9,48,34,21,loser,yellow,0,,,,,,,,,,,,,
319,5,200,4,34,11,21,loser,green,1,,,,,,,,,,,,,
320,8,580,6,42,34,20,loser,blue,0,,,,,,,,,,,,,
321,10,520,10,79,51,20,winner,red,1,,,,,,,,,,,,,
322,6,520,5,61,29,20,loser,yellow,0,,,,,,,,,,,,,
323,6,780,9,49,39,20,loser,green,1,,,,,,,,,,,,,
324,6,140,5,13,5,19,loser,blue,0,,,,,,,,,,,,,
325,4,40,3,14,8,19,loser,red,1,,,,,,,,,,,,,
326,4,200,7,47,50,19,winner,yellow,0,,,,,,,,,,,,,
327,2,340,2,10,5,19,loser,green,1,,,,,,,,,,,,,
328,7,800,5,23,5,18,loser,blue,0,,,,,,,,,,,,,
329,4,240,5,31,35,18,loser,red,1,,,,,,,,,,,,,
330,12,620,10,70,28,18,loser,yellow,0,,,,,,,,,,,,,
331,8,440,11,69,50,18,winner,green,1,,,,,,,,,,,,,
332,5,80,4,16,6,17,loser,blue,0,,,,,,,,,,,,,
333,5,160,3,16,4,17,loser,red,1,,,,,,,,,,,,,
334,6,40,6,27,25,17,loser,yellow,0,,,,,,,,,,,,,
335,4,140,7,52,54,17,winner,green,1,,,,,,,,,,,,,
336,3,80,4,20,18,16,loser,blue,0,,,,,,,,,,,,,
337,7,800,5,29,9,16,loser,red,1,,,,,,,,,,,,,
338,3,180,4,31,22,16,loser,yellow,0,,,,,,,,,,,,,
339,8,740,9,73,52,16,winner,green,1,,,,,,,,,,,,,
340,7,320,5,23,8,15,loser,blue,0,,,,,,,,,,,,,
341,5,380,10,45,53,15,winner,red,1,,,,,,,,,,,,,
342,3,280,3,26,17,15,loser,yellow,0,,,,,,,,,,,,,
343,7,140,5,48,6,15,loser,green,1,,,,,,,,,,,,,
344,8,380,9,40,32,14,loser,blue,0,,,,,,,,,,,,,
345,8,220,6,53,11,14,loser,red,1,,,,,,,,,,,,,
346,5,360,5,46,29,14,loser,yellow,0,,,,,,,,,,,,,
347,5,560,7,50,50,14,winner,green,1,,,,,,,,,,,,,
348,2,140,1,19,11,13,loser,blue,0,,,,,,,,,,,,,
349,3,300,1,12,-9,13,loser,red,1,,,,,,,,,,,,,
350,2,80,0,10,-3,13,loser,yellow,0,,,,,,,,,,,,,
351,0,280,6,30,51,13,winner,green,1,,,,,,,,,,,,,
352,3,240,2,24,11,12,loser,blue,0,,,,,,,,,,,,,
353,2,240,6,39,51,12,winner,red,1,,,,,,,,,,,,,
354,4,1000,2,26,-5,12,loser,yellow,0,,,,,,,,,,,,,
355,4,420,3,25,3,12,loser,green,1,,,,,,,,,,,,,
356,3,180,2,25,21,11,loser,blue,0,,,,,,,,,,,,,
357,10,280,11,77,51,11,winner,red,1,,,,,,,,,,,,,
358,13,780,12,70,30,11,loser,yellow,0,,,,,,,,,,,,,
359,6,380,7,44,35,11,loser,green,1,,,,,,,,,,,,,
360,7,320,4,20,4,10,loser,blue,0,,,,,,,,,,,,,
361,5,340,9,41,51,10,winner,red,1,,,,,,,,,,,,,
362,3,440,5,37,24,10,loser,yellow,0,,,,,,,,,,,,,
363,5,520,3,26,2,10,loser,green,1,,,,,,,,,,,,,
364,6,440,3,20,-6,9,loser,blue,0,,,,,,,,,,,,,
365,7,200,8,65,50,9,winner,red,1,,,,,,,,,,,,,
366,7,540,9,52,44,9,loser,yellow,0,,,,,,,,,,,,,
367,5,280,5,42,15,9,loser,green,1,,,,,,,,,,,,,
368,3,120,4,25,28,8,loser,blue,0,,,,,,,,,,,,,
369,2,320,8,56,53,8,winner,red,1,,,,,,,,,,,,,
370,7,240,5,27,9,8,loser,yellow,0,,,,,,,,,,,,,
371,8,120,3,11,-17,8,loser,green,1,,,,,,,,,,,,,
372,8,680,10,68,51,7,winner,blue,0,,,,,,,,,,,,,
373,8,400,6,53,21,7,loser,red,1,,,,,,,,,,,,,
374,8,440,6,60,30,7,loser,yellow,0,,,,,,,,,,,,,
375,8,420,10,65,46,7,loser,green,1,,,,,,,,,,,,,
376,6,20,6,28,18,6,loser,blue,0,,,,,,,,,,,,,
377,2,380,5,44,50,6,winner,red,1,,,,,,,,,,,,,
378,6,260,2,15,-9,6,loser,yellow,0,,,,,,,,,,,,,
379,8,420,10,69,39,6,loser,green,1,,,,,,,,,,,,,
380,6,280,2,32,3,5,loser,blue,0,,,,,,,,,,,,,
381,0,80,7,45,53,5,winner,red,1,,,,,,,,,,,,,
382,3,0,2,9,5,5,loser,yellow,0,,,,,,,,,,,,,
383,3,440,1,32,1,5,loser,green,1,,,,,,,,,,,,,
384,3,360,5,37,50,4,winner,blue,0,,,,,,,,,,,,,
385,3,620,4,36,18,4,loser,red,1,,,,,,,,,,,,,
386,6,180,7,31,31,4,loser,yellow,0,,,,,,,,,,,,,
387,11,340,7,42,5,4,loser,green,1,,,,,,,,,,,,,
388,9,280,7,26,12,3,loser,blue,0,,,,,,,,,,,,,
389,10,380,11,57,53,3,winner,red,1,,,,,,,,,,,,,
390,8,260,7,35,28,3,loser,yellow,0,,,,,,,,,,,,,
391,9,180,11,69,48,3,loser,green,1,,,,,,,,,,,,,
392,7,180,1,11,-22,2,loser,blue,0,,,,,,,,,,,,,
393,4,500,8,48,53,2,winner,red,1,,,,,,,,,,,,,
394,2,200,5,27,40,2,loser,yellow,0,,,,,,,,,,,,,
395,4,200,3,19,3,2,loser,green,1,,,,,,,,,,,,,
396,3,320,4,20,10,1,loser,blue,0,,,,,,,,,,,,,
397,10,540,8,59,29,1,loser,red,1,,,,,,,,,,,,,
398,6,420,8,54,50,1,winner,yellow,0,,,,,,,,,,,,,
399,5,440,6,55,32,1,loser,green,1,,,,,,,,,,,,,
